"jockin","1"
"inning","1"
"suicidal","2"
"bonzai","2"
"dynamic","1"
"foul","4"
"four","2"
"rappaz","1"
"woods","1"
"sleep","4"
"asian","2"
"hanging","1"
"hata","1"
"woody","1"
"appetite","1"
"hate","20"
"yonder","1"
"forget","3"
"drinkin","7"
"whose","1"
"seventy-seven","1"
"porche","1"
"swab","1"
"spin","1"
"uuh-","1"
"santana","1"
"invaders","1"
"activist","1"
"booties","2"
"under","12"
"schagnetti","1"
"lord","3"
"sorry","2"
"pride","1"
"pickin","2"
"whack","2"
"prophylatics","1"
"mines","1"
"swivel","1"
"callin","5"
"risk","2"
"minnasota","1"
"muthafuckin","4"
"qwest","3"
"rise","2"
"lurk","1"
"manic","1"
"smack","1"
"gracias","1"
"every","23"
"jack","3"
"low-key","1"
"bringing","2"
"poppa","3"
"school","2"
"receiving","1"
"plantation","1"
"beam","1"
"ginacock","1"
"skills","2"
"ginsu","1"
"kickable","1"
"uhh..","1"
"mid-west","1"
"mindframe","1"
"oooh","1"
"venus","1"
"ups","1"
"clothes","8"
"enjoy","1"
"creepin","3"
"babygirl","1"
"phoney","1"
"force","5"
"eagle","1"
"phones","1"
"99.99","1"
"goth","1"
"nair","1"
"heeeh","1"
"rusty","1"
"street","10"
"nthe","1"
"yack","1"
"writing","1"
"spect","1"
"air","7"
"breeded","1"
"even","28"
"neo","1"
"hit-man","1"
"hide","6"
"christ","1"
"wreck","2"
"thunder","1"
"kut","1"
"near","3"
"poison","2"
"lights","3"
"hostile","1"
"selena","1"
"above","3"
"dr.","2"
"weather","1"
"new","17"
"tips","2"
"increasing","1"
"ever","41"
"palatial","1"
"told","28"
"sidas","1"
"kicked","3"
"hero","2"
"screams","1"
"yanks","1"
"dres","1"
"never","77"
"retrieval","1"
"equals","1"
"representer","1"
"hundreds","2"
"vapors","1"
"met","10"
"protection","1"
"china","1"
"tecca","14"
"mes","1"
"cummolous","1"
"path","2"
"100","2"
"missourah","1"
"kids","7"
"daughter","1"
"shipping","1"
"alchemist","1"
"k","8"
"changed","3"
"jcors","1"
"buckles","1"
"sixteen-hundred","1"
"goddamnit","1"
"loop","1"
"smoke","10"
"pack","5"
"juans","1"
"squiggy","1"
"amira","1"
"golden","2"
"prints","1"
"militant","1"
"fellas","9"
"figure","1"
"nizzle","1"
"bendin","1"
"julia","1"
"highly","2"
"bro","1"
"cane","1"
"qd3","1"
"trivecta","1"
"gots","2"
"outro","6"
"granot","1"
"vobiscum","1"
"cocaine","2"
"beginin","1"
"bra","1"
"comprised","1"
"devastation","1"
"sexual","1"
"cheating","2"
"would","16"
"army","1"
"carpet","1"
"hospital","2"
"gloss","1"
"tail","1"
"sublow","3"
"bleed","2"
"cali","6"
"call","57"
"calm","4"
"deville","1"
"indiana","1"
"sexy","1"
"tryin","17"
"type","10"
"until","9"
"breathe","23"
"playboy","2"
"brasco","1"
"killas","3"
"relax","3"
"brings","5"
"expose","2"
"moulder","1"
"phony","1"
"reign","1"
"hurt","8"
"99","3"
"phone","7"
"berlin","2"
"warm","2"
"totos","1"
"loose","1"
"cuttin","2"
"ewok","1"
"ward","1"
"hold","9"
"killah","1"
"97","1"
"96","2"
"shoot","7"
"springer","1"
"ma","1"
"dumpin","3"
"mc","6"
"shame","5"
"grimed","1"
"hideous","1"
"mo","20"
"blade","2"
"somber","1"
"worth","5"
"repentance","1"
"fakin","2"
"chocolatate","2"
"exhale","2"
"my","353"
"grenade","1"
"grimes","2"
"flunda","1"
"bizzy","18"
"restin","1"
"trackin","1"
"harddrives","1"
"quivering","1"
"fonder","1"
"helter","1"
"cupid","2"
"micky","1"
"heartless","4"
"spittin","4"
"currency","1"
"homie","11"
"wrecka","1"
"want","43"
"a.r","1"
"times","9"
"dyke","1"
"somebodys","1"
"unforgettable","1"
"strapping","1"
"seventy-three","1"
"saturday","1"
"hoe","4"
"end","17"
"thing","9"
"ninety-three","1"
"agony","1"
"bunk","1"
"sitting","1"
"nuts","3"
"yuk","3"
"gats","4"
"machine","1"
"how","55"
"hot","24"
"drummer","1"
"shouting","1"
"hos","2"
"aching","1"
"rewind","2"
"tangled","1"
"perious","1"
"faulty","1"
"beach","1"
"chocolata","1"
"iancs","1"
"cuticles","1"
"haven","1"
"disassemble","1"
"mess","3"
"sikes","1"
"after","18"
"m-1","1"
"memorial","1"
"lab","3"
"millimeter","8"
"timed","1"
"wrong","4"
"lay","1"
"cement","1"
"law","5"
"lap","2"
"siked","1"
"las","2"
"crackin","2"
"draggin","1"
"third","1"
"lost","12"
"hypnotic","1"
"neglect","2"
"thangs","1"
"down-ass","1"
"jungle","4"
"cujo","1"
"keeps","7"
"leprechaun…","1"
"’cause","1"
"depriver","1"
"splats","1"
"greed","2"
"thirty","2"
"mothafuckas","2"
"unfolds","1"
"wut","1"
"over","14"
"ramadan","1"
"hidden","1"
"nostra","2"
"jacuzzi","1"
"london","1"
"whasappening","1"
"banged","3"
"medusa","1"
"owens","1"
"hip-hop","2"
"before","11"
"glances","1"
"equiped","1"
"fit","2"
"somewhere","1"
"non-believer","1"
"uoy","1"
"l.q.","2"
",","869"
"crew","5"
"better","43"
"tramp","1"
"405","1"
"complex","4"
"enlisted","1"
"persist","1"
"weeks","1"
"drops","1"
"inscriptions","1"
"then","60"
"them","28"
"gunning","1"
"selleck","1"
"combination","1"
"splitter","3"
"weakness","1"
"safe","1"
"collide","1"
"xzibit","1"
"break","10"
"band","5"
"bang","11"
"grecious","1"
"they","187"
"plates","2"
"payback","1"
"yourself","2"
"puttin","1"
"bread","1"
"coocoo","1"
"several","1"
"rocky","1"
"skeezers","1"
"bleeps","1"
"techn9ne","19"
"arrested","1"
"chuck","1"
"detroit","1"
"rocks","3"
"explode","5"
"rockn","1"
"holdin","2"
"invented","1"
"each","1"
"addicted","1"
"volcano","1"
"went","8"
"jay-z","1"
"side","37"
"bone","5"
"mean","7"
"lifted","5"
"roxy","1"
"57th","1"
"laying","1"
"turnin","2"
"twas","1"
"mangled","1"
"dawg","6"
"dubstep","3"
"hanged","1"
"navy","1"
"aids","2"
"flock","1"
"message","4"
"whip","3"
"edist","1"
"gon","52"
"swellin","1"
"jokeless","1"
"sluts","4"
"god","24"
"ha","3"
"wabbacotton","4"
"washed","1"
"forty","1"
"tomorrow","1"
"content","1"
"girbaud","1"
"laid","2"
"satana","1"
"got","194"
"ware","3"
"vagina","1"
"forth","1"
"twice","2"
"hogan","1"
"arizona","2"
"turning","1"
"written","1"
"eternal","1"
"1s","1"
"free","5"
"standard","1"
"headlights","1"
"shriveled","1"
"juices","1"
"techno","1"
"anotonio","1"
"evil","19"
"enlightened","1"
"wanted","13"
"maybelline","1"
"pharmaceudicals","1"
"dammit","1"
"bates","2"
"maniac","2"
"eveything","1"
"atl","1"
"triggas","3"
"raisin","2"
"days","7"
"villed","1"
"rotten","1"
"flawless","1"
"hopeless","2"
"soda","1"
"can’t","1"
"shootin","1"
"loud","1"
"bite","1"
"fuckin","34"
"recite","1"
"lively","1"
"rang","2"
"already","3"
"angelic","1"
"bakari","1"
"theresas","1"
"notch","2"
"bow","2"
"hook","89"
"another","26"
"comin","17"
"sober","1"
"scissors","1"
"thick","5"
"ditch","1"
"ballin","3"
"praisin","1"
"hood","8"
"hellic","1"
"eighty-fives","1"
"fence","1"
"service","7"
"their","10"
"appear","1"
"top","9"
"girls","4"
"twisted","17"
"mobbin","1"
"needed","3"
"master","3"
"too","24"
"tom","1"
"rockin","4"
"mistic","1"
"hollywood","1"
"legs","1"
"bitter","1"
"dogs","11"
"holla","1"
"listen","14"
"ceiling","2"
"murder","8"
"quickies","1"
"took","8"
"western","1"
"bringin","2"
"kennedys","1"
"crawl","1"
"shifty","1"
"character","1"
"fatrocious","1"
"distance","1"
"dealin","3"
"showed","5"
"exorcist","1"
"coward","2"
"zero","2"
"nations","1"
"shower","1"
"matter","6"
"solomon","1"
"flame","6"
"sparkers","1"
"deserving","1"
"devious","2"
"feeling","5"
"desperate","1"
"bridge","2"
"lbs","1"
"humble","2"
"seep","1"
"ran","6"
"ruckus","2"
"mind","28"
"mine","16"
"glass","2"
"anybody","15"
"talking","6"
"rat","3"
"seed","2"
"rap","13"
"seen","7"
"seem","6"
"grind","5"
"hire","1"
"ray","1"
"forced","1"
"nipples","2"
"cactus","1"
"scriptures","1"
"nubers","1"
"rhythm-simplistic","1"
"-","55"
"snow","1"
"shawn","1"
"chest","6"
"causing","2"
"doors","1"
"magnum","2"
"grips","5"
"panties","2"
"rider","2"
"podious","1"
"biancawith","1"
"gravy","1"
"scripta","1"
"though","11"
"memphis","2"
"rappers","9"
"roma","1"
"sue","1"
"anatomy","1"
"rumble","3"
"regular","1"
"mouth","9"
"plenty","4"
"scripts","1"
"forty-six","1"
"wettin","1"
"the","1185"
"thriller","1"
"darkness","1"
"dummy","1"
"don","32"
"jeah","3"
"prevails","1"
"camp","2"
"flow","25"
"dog","14"
"dod","3"
"cameron","1"
"points","1"
"tech","208"
"pineapple","6"
"chris","1"
"breathed","1"
"left","10"
"scream","6"
"came","23"
"8xs","1"
"saying","8"
"boogie","1"
"bomb","9"
"pkw","1"
"lyrics","8"
"dickey","1"
"lewis","2"
"ending","2"
"pops","1"
"chemicaly","1"
"bakin","1"
"gauge","3"
"hazy","1"
"stepping","1"
"bigwom","1"
"earth","5"
"bail","5"
"groupie","2"
"orleans","1"
"grunt","3"
"givin","6"
"neena","1"
"pluggin","1"
"h.i.g.h.l.a.n.d","1"
"concreate","1"
"guidance","1"
"such","5"
"facades","1"
"sugar","1"
"spits","3"
"w.j","1"
"clicker","1"
"bliss","1"
"touched","1"
"rich","5"
"skrill","3"
"folks","3"
"gangsta","1"
"rice","1"
"hoeing","1"
"plate","2"
"57th-56th","1"
"de","2"
"watch","17"
"fluid","1"
"7-11","1"
"coast","3"
"pocket","2"
"spittas","1"
"alcohol","3"
"tammy","1"
"despite","2"
"slidin","1"
"nasty","1"
"beleive","2"
"ds","1"
"troutman","1"
"demeaning","3"
"hall","1"
"bat","1"
"wham","1"
"bar","7"
"17","1"
"rhymin","2"
"nicely","1"
"psychiatrics","1"
"hello","1"
"dipping","1"
"rémy","1"
"bad","48"
"softly","1"
"greena","1"
"shots","2"
"wannabe","1"
"narcotical","1"
"bam","1"
"steal","5"
"steam","1"
"black","15"
"gallon","1"
"playstation","1"
"blew","1"
"mandatory","1"
"human","1"
"fair","2"
"nut","11"
"irritable","1"
"doze","1"
"bigosh","1"
"voices","1"
"checks","1"
"demented","2"
"toes","1"
"result","4"
"cattle","1"
"fail","1"
"nocturnal","1"
"midst","1"
"best","21"
"techniques","3"
"bashment","3"
"said","46"
"draws","3"
"mitch","40"
"lots","3"
"waht","1"
"away","31"
"cha","2"
"mud","1"
"mug","2"
"future","1"
"lose","1"
"bakani","1"
"365","1"
"shields","1"
"360","2"
"mid-town","1"
"hence","1"
"wage","2"
"we","237"
"men","6"
"drivin","2"
"steez","1"
"double-u-double","1"
"vows","1"
"confusion","1"
"weak","1"
"muthafucka","2"
"boss","8"
"wu","1"
"wt","1"
"here","31"
"duckin","6"
"flexin","1"
"debt","1"
"blasted","2"
"kitchen","1"
"pity","1"
"cop","4"
"protect","1"
"accident","1"
"brown","2"
"country","3"
"ill","57"
"compton","1"
"adventures","1"
"demanded","1"
"players","1"
"puffin","2"
"games","5"
"cod","1"
"lookin","9"
"faces","1"
"elephant","1"
"asked","1"
"smokin","5"
"perdeium","1"
"and","514"
"skill","1"
"tough","3"
"pose","1"
"had","17"
"trunk","1"
"blonds","1"
"liqour","7"
"2nd","11"
"fiendin","1"
"happenin","1"
"unprotected","1"
"illness","1"
"tony","2"
"false","1"
"citys","1"
"trust","9"
"chino","1"
"speak","6"
"bathroom","3"
"petty","2"
"seein","3"
"puts","2"
"havin","3"
"chrome","10"
"ropes","1"
"monk","1"
"three","14"
"been","42"
".","25"
"ting","1"
"beer","1"
"much","15"
"detrimental","1"
"tina","1"
"blowed","11"
"fry","3"
"lovely","2"
"roped","1"
"dots","1"
"life","69"
"walter","1"
"deeper","2"
"missou","1"
"niglets","1"
"drugs","8"
"prison","2"
"lift","5"
"penitentiaries","1"
"child","3"
"catch","9"
"rulin","1"
"jackin","2"
"haters","22"
"mcs","2"
"jcor","1"
"chill","2"
"tonight","2"
"exception","1"
"linkin","1"
"tank","1"
"sly","1"
"servin","2"
"multi-million","1"
"introduced","1"
"n","5"
"strangest","3"
"ugly","1"
"lizard","1"
"droppin","2"
"suppose","5"
"teachers","1"
"visit","2"
"cracked","1"
"voice","3"
"5-6-1-6","1"
"leaves","1"
"procedure","1"
"mistake","4"
"whazzup","1"
"seven","6"
"fayzon","1"
"played","4"
"eiya","1"
"is","231"
"flamed","1"
"it","437"
"infested","1"
"expenses","3"
"throat","3"
"cant","59"
"dizzy","2"
"im","324"
"cone","1"
"in","407"
"cook","1"
"conditioner","1"
"seattle","1"
"id","6"
"trusted","1"
"if","124"
"grown","4"
"walkin","2"
"hong","1"
"bottles","2"
"drawers","1"
"things","11"
"make","170"
"toaster","1"
"jerry","1"
"plated","1"
"clik","1"
"beside","6"
"backed","1"
"samoin","1"
"split","5"
"babies","2"
"venom","4"
"i’ve","1"
"millie","1"
"electro","3"
"bid","1"
"crevices","1"
"gonzoe","4"
"independent","2"
"clear","1"
"rell","1"
"fuss","1"
"unbearable","1"
"sacramento","1"
"swell","1"
"pick","3"
"hang","4"
"rain","9"
"hand","8"
"execs","2"
"hook-charmelle","3"
"jealous","2"
"angle","1"
"nip","1"
"clowned","1"
"dwamn","5"
"thoughts","6"
"kid","3"
"butter","1"
"suitable","1"
"kept","2"
"hopping","1"
"bustas","5"
"charlie","1"
"bianks","3"
"youre","29"
"smokes","1"
"deal","7"
"tho","1"
"hispanic","1"
"waistin","1"
"representin","1"
"mother","13"
"dreamy","1"
"jean","1"
"smoked","2"
"whicked","2"
"yours","4"
"tha","2"
"endin","2"
"juss","4"
"givers","1"
"capitol","1"
"just","83"
"sentence","1"
"yea","2"
"photo","1"
"indiga","2"
"uervo","1"
"swearing","1"
"black-n-milds","1"
"disguise","1"
"thanks","1"
"victim","1"
"k.c","1"
"facts","1"
"submited","1"
"yes","14"
"*echoed*","2"
"shadow","1"
"mounfunction","1"
"unique","3"
"hills","1"
"elm","1"
"niggers","2"
"haa","1"
"ease","2"
"royal","1"
"stomper","1"
"postal","1"
"hay","2"
"shout","2"
"spread","2"
"nerd","1"
"retreat","4"
"n9nes","3"
"swimmin","1"
"pitiful","3"
"east","2"
"hat","2"
"gave","7"
"diggas","1"
"which","13"
"seventy-five","1"
"releived","1"
"i-uh","1"
"survival","1"
"amarillo","1"
"bastards","1"
"rza","1"
"quicksand","1"
"wanting","1"
"judge","1"
"cape","1"
"apart","3"
"stareing","1"
"dissin","1"
"asshole","1"
"dreams","3"
"vanity","2"
"packin","3"
"brought","3"
"scan","1"
"intisapating","1"
"57","2"
"56","3"
"huns","1"
"codice","1"
"carcass","1"
"theyre","2"
"remind","1"
"aubercumby","1"
"fifty-six","1"
"conniver","1"
"night","16"
"unexplored","1"
"right","37"
"old","5"
"ole","2"
"crowd","2"
"people","38"
"tripper","1"
"groupies","2"
"easy","1"
"crown","2"
"teccanina","5"
"dead","8"
"50","1"
"born","5"
"clubs","2"
"sure","4"
"neva","6"
"trippen","1"
"ideal","1"
"escape","2"
"billboard","1"
"skelter","1"
"harassment","1"
"finna","6"
"creep","1"
"enemies","3"
"frantically","1"
"gosh","1"
"treatin","1"
"for","184"
"bottom","1"
"purple","2"
"phenomenal","1"
"rashin","1"
"fox","1"
"loosin","4"
"rhino","1"
"everything","18"
"individuals","1"
"summoned","1"
"syphilis","1"
"beating","2"
"christmas","1"
"pinched","1"
"buildin","1"
"technicality","1"
"bold","2"
"peel","2"
"plot","2"
"brawl","1"
"barcode","1"
"criminals","1"
"harrleson","1"
"losing","2"
"adore","1"
"peep","3"
"bury","1"
"valium","1"
"jerkin","1"
"file-sharing","1"
"downtown","1"
"yelling","5"
"eat","2"
"dyin","2"
"dollars","1"
"choke","1"
"surround","2"
"sizzling","5"
"magazine","1"
"despair","1"
"plus","11"
"crucifix","1"
"eight","1"
"gaultier","1"
"demise","1"
"nerve","1"
"raised","3"
"zdots","1"
"whats","13"
"froze","2"
"formerly","1"
"cl-ick","1"
"liek","1"
"bound","7"
"son","7"
"down","61"
"lewi","1"
"reefa","1"
"explain","2"
"balanced","1"
"shoots","1"
"federal","1"
"frightened","1"
"rounds","3"
"often","2"
"psychos","1"
"wan","78"
"conteplating","1"
"peoples","2"
"12-gauge","1"
"gip","1"
"inserted","1"
"altitude","1"
"tennis","1"
"class","1"
"clappin","2"
"stuck","5"
"chilly","1"
"way","44"
"causin","1"
"jane","1"
"gin","2"
"gim","4"
"was","119"
"war","7"
"happy","2"
"c-section","1"
"head","17"
"names","1"
"mentaly","1"
"diggity","1"
"offer","2"
"something","6"
"forming","1"
"heal","2"
"bubblin","1"
"deny","1"
"susej","1"
"shits","4"
"heat","10"
"hand-tosser","1"
"hear","10"
"clitorises","1"
"survive","1"
"blindness","1"
"clueless..","1"
"true","5"
"fort","1"
"nickers","1"
"bundled","1"
"why-why","1"
"happen","5"
"gal","1"
"inside","7"
"lenny","1"
"attached","1"
"trends","2"
"tell","38"
"fo-fo","1"
"mini-factory","1"
"blu-ray","1"
"faking","1"
"mighty","1"
"daddy","5"
"dues","2"
"sidell","6"
"151","7"
"passenger","1"
"promises","1"
"later","3"
"hotter","2"
"bickin","1"
"denied","1"
"scandalous","2"
"fury","5"
"toss","1"
"hungry","3"
"''","31"
"fillin","1"
"decapitation","1"
"cannon","1"
"sympathy","1"
"trip","10"
"shit","100"
"silliest","1"
"pipe","2"
"blasphemous","1"
"skatterman","3"
"faithful","1"
"dying","1"
"no","149"
"na","116"
"when","192"
"actor","1"
"reality","2"
"til","13"
"grabbing","1"
"dawgs","7"
"role","7"
"holding","3"
"papers","4"
"test","4"
"tie","2"
"hangin","7"
"smell","3"
"roll","23"
"molested","1"
"picture","3"
"brothers","1"
"brimstone","1"
"surprise","1"
"welcome","4"
"coronas","1"
"miscellaneous","1"
"journey","2"
"intent","1"
"penitentiary","1"
"snooze","1"
"dense","1"
"kcs","1"
"sexing","1"
"died","1"
"stops","1"
"jones","3"
"skunk","1"
"longer","4"
"bullet","2"
"potato","1"
"sacks","2"
"landed","1"
"together","3"
"spanked","1"
"gorilla","3"
"rough","7"
"vietnam","1"
"time","41"
"snipe","1"
"serious","1"
"goddamn","1"
"stacks","2"
"songs","4"
"concealed","1"
"krizz","2"
"kicker","1"
"breaths","1"
"chain","2"
"dance","7"
"skip","2"
"eternally","2"
"leado","3"
"souls","6"
"rof","1"
"crocodile","1"
"mile","1"
"ice","3"
"killins","1"
"skin","3"
"dwaaamn","1"
"mill","1"
"finish","3"
"funkin","4"
"smarted","1"
"layers","1"
"killings","1"
"flames","1"
"cocking","1"
"zone","4"
"foe","2"
"nineteen","1"
"untame","1"
"flash","6"
"father","8"
"hurtin","1"
"must","13"
"asking","1"
"swoop","2"
"rhythm","1"
"marks","1"
"terror","2"
"followin","3"
"macho","2"
"reassemble","1"
"verbally","1"
"me","470"
"encephalon","1"
"jerk","2"
"diminish","2"
"pumpin","1"
"two-way","1"
"none","3"
"persona","6"
"sloppy","1"
"emergencies","1"
"congregation","1"
"vegas","2"
"lynch","1"
"pittifulness","1"
"92.3","1"
"word","3"
"fullest","1"
"hickeys","1"
"exact","1"
"minute","16"
"room","3"
"gnarly","1"
"doggy","1"
"ragin","1"
"level","7"
"did","27"
"die","39"
"dig","4"
"peeps","1"
"gun","13"
"cloudy","8"
"retrogression","1"
"leave","12"
"p","2"
"mecha-godzilla","1"
"hittin","6"
"team","2"
"quick","11"
"choosin","6"
"guy","2"
"westend","1"
"dip","4"
"round","3"
"yall","42"
"dis","8"
"pork","1"
"work","11"
"says","8"
"regret","2"
"seventy-eight","1"
"distrubtor","1"
"dealing","1"
"qdiii","2"
"pleasening","1"
"sign","2"
"blue","2"
"conceal","1"
"cost","1"
"steppin","1"
"uk","1"
"vills","1"
"patient","1"
"ruger","1"
"tendencies","1"
"coppers","1"
"darkest","3"
"rapping","2"
"silly","1"
"seventy-four","1"
"heres","5"
"assistance","1"
"everytime","1"
"thicker","1"
"energy","1"
"goes","3"
"view","1"
"reply","1"
"falling","1"
"order","1"
"freaky","2"
"thc","1"
"filled","2"
"krs","1"
"slot","2"
"burn","8"
"unsure","1"
"clears","1"
"stun","1"
"heavily","1"
"ninety-nine","2"
"v","3"
"ridin","2"
"dorothy","1"
"water","3"
"lu","1"
"witch","3"
"groups","1"
"alone","5"
"laughin","3"
"[","223"
"del","1"
"coochie","3"
"change","4"
"wait","5"
"vesre","1"
"buck","6"
"shove","1"
"healthy","1"
"shift","3"
"strudel","1"
"wherever","1"
"bou","1"
"screamin","2"
"sixties","1"
"trial","2"
"sucka","1"
"hellah","3"
"boo","1"
"435","1"
"pillow","1"
"plotted","1"
"cinabun","1"
"motherfucking","3"
"dippin","4"
"quicklys","1"
"love","49"
"bloods","2"
"melodious","1"
"extra","7"
"tweak","1"
"merely","1"
"bs","1"
"ethiopian","1"
"sway","1"
"horses","1"
"marvelous","1"
"fakers","1"
"fake","3"
"crisis","1"
"market","2"
"everybody","21"
"buttons","1"
"kiddy","1"
"igga-may","1"
"troops","1"
"working","2"
"prove","1"
"illusion","1"
"angry","1"
"give","25"
"dude","3"
"tears","1"
"sherman","1"
"tripping","6"
"parties","1"
"territories","1"
"live","26"
"wood","1"
"sizzelin","16"
"quitters","1"
"wondering","1"
"troopa","1"
"scope","2"
"soke","1"
"thru","3"
"angels","12"
"livi","1"
"wicked","9"
"signin","1"
"shine","1"
"``","33"
"huntin","1"
"riot","1"
"club","16"
"clitoris","1"
"apparent","1"
"refrain","1"
"clue","3"
"eyesll","4"
"listenin","1"
"slinky","4"
"commin","1"
"everywhere","1"
"intoxicated","1"
"ollie","1"
"cases","1"
"given","2"
"malfunctional","1"
"stain","1"
"fly","14"
"slogan","1"
"anything","2"
"niggas","97"
"flinch","1"
"pretend","1"
"abortion","2"
"soul","13"
"bakarii","4"
"cat","4"
"vaginas","3"
"hardest","1"
"bucks","3"
"can","125"
"biancas","6"
"making","12"
"trans","1"
"bites","1"
"social","1"
"heart","14"
"crazy","9"
"nursing","1"
"stream","2"
"plack","1"
"untameable","1"
"bzle","1"
"toughin","1"
"fuck","101"
"trouble","6"
"topic","1"
"heard","17"
"groucho","1"
"chin","1"
"battered","1"
"echos","1"
"craze","1"
"menice","1"
"pink","1"
"pleasers","1"
"banderas","1"
"kenin","1"
"troopas","1"
"rawness","1"
"fling","3"
"means","5"
"sudden","1"
"1","27"
"till","36"
"sunday","6"
"vital","1"
"pure","2"
"swore","3"
"beans","1"
"pocus","1"
"vatos","1"
"punk-ass","1"
"unbelievable","1"
"leavin","5"
"emcees","1"
"hog","1"
"may","3"
"max","2"
"sacrifice","6"
"gritty","3"
"spot","11"
"lucky","1"
"mac","4"
"produce","2"
"mad","17"
"mixin","1"
"date","3"
"mah","1"
"suck","2"
"dahmer","3"
"mam","1"
"mal","1"
"repeat","5"
"man","42"
"classroom","1"
"stress","3"
"classics","1"
"natural","4"
"neck","4"
"johnson","1"
"wiggle","3"
"whenever","1"
"maybe","5"
"futures","2"
"dwamm","1"
"rollin","6"
"q","2"
"switch","1"
"frontin","1"
"so","150"
"silence","1"
"ghb","1"
"offend","1"
"runnin","7"
"motel","2"
"talk","13"
"lsd","1"
"serving","2"
"wrappin","1"
"shoes","9"
"indeed","1"
"werent","1"
"wishing","1"
"flips","5"
"kong","1"
"course","6"
"timly","1"
"rhyming","1"
"lyric","1"
"dismissed","5"
"cuts","1"
"walla","3"
"cold","5"
"still","23"
"birds","1"
"jock","1"
"tore","1"
"niviganmad","1"
"group","1"
"flo","1"
"puffs","2"
"phlaque","1"
"thang","8"
"jim","1"
"ooh-ooh","1"
"clubbing","2"
"twurk","1"
"attraction","1"
"liquid","2"
"munchie","1"
"celebrate","1"
"hometown","1"
"mail","1"
"main","5"
"so-tight","1"
"texas","2"
"happened","1"
"non","4"
"lonely","1"
"hop","18"
"dieago","1"
"moms","1"
"bein","2"
"killer","31"
"introduce","1"
"feelin","8"
"tucker","1"
"records","3"
"conquer","1"
"caine","1"
"not","47"
"tottin","1"
"chuckin","1"
"now","92"
"killed","8"
"slacky","1"
"wont","11"
"name","17"
"realist","1"
"opera","1"
"corners","1"
"mellow","3"
"drop","4"
"tweeking","1"
"logans","1"
"realistic","2"
"sizzlin","8"
"cuzz","6"
"rock","93"
"veins","2"
"em","65"
"domain","1"
"married","1"
"facads","1"
"fired","1"
"witchita","1"
"yeah","18"
"wisperin","1"
"whiplash","1"
"replay","1"
"ey","2"
"sponsor","1"
"youngsta","1"
"year","1"
"busta","2"
"teams","1"
"obsession","2"
"pills","4"
"intended","1"
"album","3"
"living","18"
"sprayers","1"
"jackson","1"
"opened","1"
"3rd","10"
"space","2"
"lawn","1"
"oklahoma","4"
"thirst","2"
"rolls","2"
"looking","17"
"seriously","1"
"miles","2"
"trauma","11"
"wide","5"
"liberace","1"
"clowns","1"
"squares","1"
"correct","1"
"diabolic","1"
"shows","4"
"tyson","1"
"clover","1"
"creating","1"
"bombs","2"
"infidelity","2"
"satanic","1"
"million","3"
"punks","7"
"quite","2"
"disrespect","1"
"quickie","1"
"california","2"
"crazier","1"
"bumblebees","1"
"quits","2"
"scarred","6"
"wherehouse","1"
"yukmouth","3"
"care","2"
"pimps","1"
"fixed","1"
"sitted","1"
"splattered","1"
"ministry","1"
"deck","1"
"seventy-nine","1"
"punk","14"
"domes","3"
"chevy","1"
"turn","14"
"funky","8"
"nuff","2"
"place","4"
"waymeyer","1"
"swing","2"
"styles","1"
"turf","3"
"albino","1"
"preach","2"
"think","24"
"first","29"
"blind","5"
"cheese","1"
"constantly","3"
"xl","1"
"enhances","1"
"dumb","2"
"zod","1"
"waves","3"
"flipping","1"
"crib","2"
"one","61"
"kris","2"
"drummin","1"
"derangest","1"
"long","14"
"carry","2"
"sounds","1"
"dreamin","2"
"open","12"
"george","2"
"ripping","2"
"cris","1"
"city","32"
"little","19"
"truthfully","1"
"wrath","1"
"quality","1"
"opus","1"
"lanka","1"
"caught","10"
"breed","1"
"dressed","1"
"plastic","1"
"anyone","3"
"psychotic","3"
"2","32"
"flection","1"
"stuffed","1"
"teenay","1"
"white","8"
"pupan","1"
"speaks","1"
"friend","5"
"gives","1"
"swastika","2"
"eyes","15"
"hug","1"
"that","257"
"foreplay","2"
"brains","5"
"triplets","1"
"huh","5"
"spoken","1"
"buts","1"
"cops","4"
"vinyl","1"
"grands","1"
"assbeat","1"
"eyed","5"
"butt","8"
"x2","9"
"infatuated","2"
"copy","2"
"representing","1"
"than","17"
"x4","1"
"10","4"
"parts","1"
"12","2"
"15","1"
"i’ll","1"
"peenuts","1"
"18","1"
"warner","1"
"r","5"
"were","27"
"marines","1"
"prospect","2"
"newday","1"
"lick","4"
"wreckin","1"
"san","2"
"angel","9"
"sac","1"
"sulu","1"
"pro","1"
"parking","1"
"turned","3"
"alley","4"
"zimas","1"
"dash","2"
"say","92"
"mates","1"
"amjad","1"
"anger","2"
"saw","5"
"any","5"
"kevin","1"
"sat","1"
"squat","2"
"burnin","1"
"bailed","1"
"alias","1"
"lumps","1"
"there’s","2"
"veteran","1"
"sending","1"
"somethings","1"
"andll","1"
"ask-ask","1"
"mr.","2"
"jefferson","1"
"soundlab","2"
"take","37"
"so-right","1"
"shocker","1"
"green","12"
"blunt","1"
"deus","1"
"wino","1"
"popin","1"
"begin","2"
"hoover","1"
"pain","31"
"norman","2"
"trace","1"
"opposite","2"
"track","6"
"price","1"
"knew","12"
"itch-made","1"
"paid","4"
"insanity","1"
"assault","1"
"complaints","1"
"knee","1"
"tugging","1"
"america","2"
"]","223"
"pages","1"
"dangle","1"
"latex","1"
"forever","4"
"especially","1"
"fills","1"
"bore","1"
"bangin","2"
"supporting","1"
"proud","2"
"steady","1"
"tumbleweeds","1"
"mrs","1"
"24/7","1"
"bade","46"
"sunset","1"
"voodoo","1"
"uncle","2"
"senior","1"
"yelllin","1"
"laws","1"
"shop","1"
"walking","1"
"mizzizy","19"
"shot","5"
"show","25"
"fickle","1"
"friction","2"
"fifty","1"
"bright","1"
"shoe","2"
"pump","4"
"corner","5"
"*tech","1"
"takin","2"
"aint","109"
"righteous","2"
"slow","6"
"dice","1"
"title","1"
"daily","8"
"dick","18"
"proportion","1"
"3","23"
"crime","3"
"only","10"
"going","22"
"actin","1"
"equipped","1"
"watching","1"
"cappin","1"
"carolina","1"
"canibus","1"
"goddammit","1"
"beatles","1"
"explosion","1"
"mindstate","1"
"get","246"
"psycho-analyze","1"
"witness","3"
"jazz","3"
"nnutt","2"
"mission","2"
"aim","5"
"killers","4"
"lighter","1"
"cryin","1"
"invited","1"
"awaiting","1"
"stroll","4"
"prime","1"
"reveal","1"
"pinnacle","1"
"pimp","1"
"artist","4"
"d-e-a-d","2"
"suburnites","1"
"isnt","1"
"morning","3"
"naked","2"
"jokes","2"
"diddy","1"
"roger","1"
"strike","1"
"nostril","1"
"worries","1"
"dough","10"
"bought","1"
"where","38"
"vision","2"
"n9na","7"
"burst","1"
"physically","1"
"imposter","1"
"biatreces","1"
"box","3"
"seat","3"
"famine","1"
"j.","2"
"college","2"
"us","71"
"hoes","31"
"murdered","2"
"stanley","1"
"stalking","1"
"wonder","3"
"um","1"
"brave","1"
"psychosis","2"
"glam","1"
"ways","4"
"senate","1"
"kool","1"
"label","5"
"weapons","1"
"north-west","1"
"outside","3"
"complexion","1"
"hush..","1"
"between","5"
"tickin","1"
"bombing","1"
"across","2"
"whipped","1"
"three-eighty","1"
"arrival","1"
"ima","11"
"notice","2"
"jobs","1"
"august","1"
"lettin","1"
"parental","1"
"eighty-four","1"
"deliver","1"
"planes","1"
"dome","2"
"killing","3"
"galore","1"
"licks","1"
"decison","1"
"hurts","1"
"relaxin","1"
"tub","1"
"chiggas","1"
"come","68"
"grieved","1"
"reaction","1"
"non-exclusive","1"
"tweeks","2"
"strides","1"
"wally","1"
"many","13"
"trader","1"
"cagney","1"
"quiet","2"
"nile","1"
"emit","1"
"s","6"
"mane","2"
"reigns","1"
"penal","1"
"chasin","2"
"comes","3"
"sum","1"
"guts","1"
"madness","3"
"merry","1"
"rellish","7"
"zoutan","1"
"color","1"
"pow","1"
"endless","1"
"pop","12"
"jaw","5"
"twin","3"
"pom","1"
"anti","1"
"pola","2"
"yi","2"
"freak","2"
"actually","2"
"spark","6"
"boat","1"
"ammit","2"
"matata","1"
"save","2"
"millimetre","1"
"comb","2"
"lifes","2"
"dyslexic","1"
"ununited","1"
"west","10"
"blend","1"
"mark","1"
"breath","1"
"showin","1"
"combined","1"
"compromise","1"
"earths","1"
"bullshit","2"
"wants","1"
"climb","1"
"tay","1"
"devilish","1"
"busting","2"
"influence","1"
"thousand","1"
"eveybody","1"
"trife","2"
"bussin","1"
"spills","2"
"wake","14"
"minister","1"
"tokin","2"
"hatin","3"
"roguish","1"
"hardcore","2"
"sticky","2"
"irrelevant","1"
"spirit","2"
"those","15"
"granted","3"
"case","3"
"eighty-three","1"
"myself","5"
"negaro","1"
"sinkin","2"
"these","56"
"sauce","5"
"tuck","1"
"cash","4"
"rhymes","6"
"rhymer","1"
"trick","9"
"coca","1"
"residence","1"
"nani","1"
"cock","6"
"wilted","1"
"coch","1"
"setiva","1"
"henn","2"
"vest","5"
"thatll","6"
"rubbing","1"
"purse","1"
"bitin","2"
"according","1"
"domistic","1"
"middle","12"
"rat-a-tat","1"
"drug","2"
"restratus","1"
"ironic","1"
"beaver","1"
"flipped","2"
"everyday","11"
"bags","3"
"different","4"
"bowe","1"
"apocoflips","1"
"98","1"
"pay","4"
"thinkin","13"
"slip-slide","1"
"tour","2"
"same","9"
"check","11"
"celeberty","1"
"food","1"
"pac","4"
"pad","1"
"motherfuckin","8"
"jerking","1"
"damon","1"
"stepped","4"
"regime","8"
"pal","1"
"events","1"
"week","3"
"stiffly","2"
"jeffrey","1"
"extended","1"
"singapore","1"
"sickness","13"
"commode","1"
"nest","1"
"driver","1"
"mutha","3"
"bumpin","3"
"driven","1"
"running","7"
"harris","1"
"jaws","3"
"sumo","1"
"theyll","1"
"alligators","1"
"totally","1"
"canopy","1"
"mentally","2"
"costa","1"
"rodney","2"
"techs","1"
"bazookas","1"
"shared","1"
"floor","3"
"nothin","12"
"squakin","1"
"without","11"
"slemet","1"
"very","2"
"huffin","1"
"hubby","2"
"murda","2"
"tactics","1"
"bodies","1"
"genic","1"
"pole","1"
"summer","2"
"sec","1"
"sprayed","1"
"jiggamapie","1"
"among","1"
"being","8"
"money","21"
"actions","1"
"bikini","1"
"procrastinated","1"
"schools","1"
"wrecks","1"
"kill","25"
"disperse","6"
"ounces","1"
"touch","12"
"benzs","1"
"guys","1"
"storys","1"
"deuce","1"
"trimmings","1"
"blow","4"
"sampled","1"
"death","14"
"clueless","15"
"grounded","1"
"thinking","11"
"rose","1"
"seems","8"
"dippen","1"
"it’s","2"
"bricks","1"
"lets","17"
"setting","2"
"pile","1"
"4","11"
"techa","3"
"beatch","1"
"pot","1"
"ross","3"
"swim","1"
"ream","1"
"grit","1"
"around","16"
"spectacular","1"
"helland","1"
"read","6"
"hopin","2"
"tissues","1"
"virginia","1"
"hops","1"
"run-d.m.c","1"
"dark","11"
"quickness","10"
"fixinta","1"
"erection","1"
"killa","23"
"ploys","1"
"listening","2"
"n-os","1"
"amp","10"
"execution","1"
"lady","2"
"grim","1"
"chall","1"
"meaning","4"
"englewood","1"
"fortune","1"
"kennedy","4"
"hotel","1"
"piece","6"
"towed","1"
"muthafuckas","2"
"homegirl","2"
"sanity","3"
"chamber","1"
"benefit","1"
"either","4"
"always","10"
"beverly","1"
"bades","1"
"tower","1"
"kennel","1"
"f**k","2"
"me..","1"
"beamers","1"
"twelve","2"
"cisco","1"
"jews","1"
"joking","1"
"doll","1"
"truths","1"
"confused","1"
"everybodys","1"
"competition","1"
"driving","1"
"anghellic","4"
"depressed","1"
"bozack","1"
"abashment","1"
"69","1"
"duration","1"
"playin","5"
"bangers","1"
"1-5-1","1"
"thinks","1"
"bless","3"
"caribbean","1"
"mood","1"
"aggrovation","1"
"drenched","1"
"slick","3"
"jiggle","2"
"stroking","1"
"doggs","1"
"critical","1"
"exit","1"
"willin","1"
"silvano","1"
"hustla","1"
"knife","1"
"hustle","2"
"infared","1"
"kansas","27"
"business","3"
"seconds","3"
"treating","1"
"gazin","2"
"sprung","4"
"optimo","1"
"broken","2"
"giggle","1"
"hectic","1"
"chow","1"
"sixty","1"
"thailand","1"
"roaming","1"
"exciting","1"
"throw","14"
"lock","4"
"on","261"
"stone","3"
"ol","1"
"ok","2"
"oh","14"
"of","223"
"industry","12"
"violence","1"
"fightin","3"
"lector","1"
"lejo","3"
"stretch","1"
"demonic","1"
"fell","1"
"topeka","1"
"stand","13"
"pockets","6"
"act","12"
"mixed","6"
"invested","1"
"ruff","1"
"bond","2"
"deranged","1"
"or","37"
"road","12"
"heater","1"
"ladies","14"
"up..","1"
"weighs","1"
"antidote","1"
"telling","1"
"blessed","2"
"shri","1"
"copies","1"
"cursed","5"
"youz","1"
"shock","1"
"strip","5"
"syringe","1"
"dank","1"
"happening","1"
"yous","5"
"your","133"
"mental","2"
"eht","1"
"flowin","2"
"fill","6"
"prepare","1"
"hes","19"
"crunk","1"
"sun-day","1"
"strictly","3"
"there","11"
"jacuzzin","1"
"hey","10"
"dreaming","3"
"start","14"
"cats","4"
".my","1"
"low","13"
"lot","16"
"lou","4"
"heh","1"
"fish","1"
"treat","2"
"hookers","1"
"suprise","1"
"zip","1"
"relic","2"
"complete","4"
"enough","10"
"gory","1"
"mics","2"
"lane","1"
"strikes","1"
"recoppin","1"
"wiping","1"
"ended","1"
"gore","1"
"defensless","1"
"grungy","1"
"trying","13"
"with","301"
"becasue","1"
"swoll","1"
"pull","3"
"stickin","5"
"fraud","2"
"joint","1"
"rage","2"
"benton","1"
"tellin","2"
"mary","1"
"sadness","1"
"taught","1"
"dirty","2"
"l.a.","6"
"grass","2"
"creeping","2"
"archives","1"
"gone","9"
"ad","1"
"certain","1"
"ak","1"
"describe","1"
"am","30"
"ao","1"
"an","53"
"bootie","3"
"ragedy","1"
"as","23"
"hoodlum","2"
"at","92"
"aw","5"
"ay","1"
"lifetime","1"
"burners","1"
"horse","3"
"knup","1"
"dawn","1"
"gonz","1"
"cream","2"
"again","14"
"swab-ass","1"
"idiot","2"
"deserve","2"
"superstars","1"
"graduate","1"
"rubber","1"
"tight","7"
"anchalota","1"
"fransisco","1"
"5","7"
"pappy","1"
"snuffed","1"
"contaminated","1"
"you","652"
"poor","2"
"indestructable","1"
"nuse","1"
"obsessed","2"
"ringin","1"
"civilians","1"
"m","2"
"dented","1"
"keepin","3"
"bullets","3"
"peak","2"
"snitch","4"
"torcher","1"
"blazin","2"
"slang","4"
"missed","2"
"carribeans","1"
"rogaine","1"
"farms","1"
"one-fifty-one","1"
"uzi","1"
"sewed","1"
"calls","2"
"unload","2"
"tricks","2"
"preppy","1"
"kickin","3"
"fraudulent","1"
"6s","1"
"u","3"
"missouri","6"
"strings","1"
"cruisin","1"
"represent","1"
"all","115"
"diss","5"
"liar","1"
"lace","1"
"maximum","2"
"fifty-one","1"
"hooked","1"
"beware","2"
"g-strings","3"
"dollar","7"
"carabu","1"
"devine","1"
"asylum","1"
"disc","1"
"crockets","1"
"messy","1"
"colloquialism","1"
"everyones","2"
"religious","1"
"children","3"
"kross","2"
"sextime","1"
"bassett","1"
"tittes","1"
"imma","33"
"howdya","1"
"wassup","1"
"encourage","1"
"prefixes","3"
"to","608"
"aaron","2"
"foster","1"
"scratch","2"
"smile","5"
"pilot","1"
"midwest","22"
"ta","52"
"trigga","2"
"sound","7"
"biggas","1"
"woman","7"
"worse","3"
"song","4"
"far","2"
"checkin","1"
"puffy","1"
"fat","6"
"baton","1"
"cerebellum","1"
"rogue","25"
"worst","17"
"minded","3"
"fall","6"
"sarabell","1"
"grinda","1"
"enter","5"
"newly","1"
"evah","1"
"trippin","5"
"heaven","7"
"cable","1"
"osh","1"
"mcgyver","1"
"louis","2"
"celebrity","1"
"particular","1"
"list","1"
"tres","1"
"outrun","1"
"scrapping","1"
"sane","1"
"sokey","1"
"insaine","1"
"splitted","1"
"small","2"
"tear","3"
"tender","1"
"gang","16"
"flick","1"
"benjamin","1"
"quickes","1"
"2k1","1"
"ten","5"
"jokin","1"
"streets","5"
"aristocrat","1"
"tez","1"
"cuss","1"
"perspective","1"
"pass","4"
"exodus","1"
"conscience","1"
"what","179"
"stood","4"
"drill","1"
"clock","2"
"gonan","1"
"sun","1"
"wrecked","1"
"ticks","1"
"fucks","3"
"thickness","1"
"handin","1"
"version","1"
"musta","1"
"pirate","1"
"learned","3"
"microchip","1"
"ang","1"
"guns","11"
"full","9"
"christian","1"
"flowzilla","1"
"hahaha","2"
"theresa","1"
"forgive","9"
"hours","2"
"maui","1"
"tracks","1"
"suicide","4"
"decay","3"
"christy","1"
"tould","1"
"epitome","1"
"strong","2"
"shoulda","3"
"osco","1"
"bible","1"
"tortoise","1"
"leveling","1"
"shae","1"
"losses","1"
"jackie","1"
"mitches","1"
"mockin","1"
"soldier","37"
"lied","2"
"fakes","1"
"within","1"
"misery","7"
"action","1"
"sealing","1"
"pushin","4"
"wizard","1"
"family","4"
"ive","8"
"clapping","1"
"imagine","1"
"grubbing","1"
".44","1"
"ask","9"
"vip","1"
"you’re","3"
"swingin","1"
"grundy","1"
"trained","2"
"toys","1"
"chunks","1"
"nathan","1"
"bungy","1"
"cynics","1"
"munchies","1"
"casket","3"
"eye","5"
"takes","4"
"trips","4"
"donuts","1"
"contains","1"
"two","21"
"rollers","1"
"6","9"
"taken","1"
"shimbolic","1"
"ballad","2"
"more","22"
"teen","1"
"tryna","4"
"diamond","2"
"door","3"
"knows","4"
"definition","1"
"alcove","1"
"readers","1"
"company","2"
"lejuene","3"
"stutter","1"
"chucks","1"
"brop","1"
"hotta","1"
"flag","1"
"stick","10"
"broke","11"
"dammnit","1"
"known","4"
"mayo","1"
"hurry","1"
"uncool","1"
"glad","2"
"town","3"
"grill","2"
"keeping","2"
"fatal","1"
"hour","3"
"blah","5"
"recall","2"
"shelves","1"
"farted","1"
"’round","1"
"rella","1"
"nina","28"
"offended","2"
"remain","2"
"nebraska","1"
"nine","3"
"dem","4"
"greeted","1"
"learn","9"
"knocked","1"
"male","7"
"evian","1"
"sherlock","1"
"beautiful","4"
"soft","1"
"compare","1"
"ritual","1"
"dangerously","1"
"mushrooms","1"
"stated","1"
"stacking","1"
"heathenistic","1"
"stackin","2"
"voided","1"
"states","1"
"pushed","1"
"neezle","1"
"minimum","2"
"afta","1"
"firm","1"
"sense","2"
"sharp","2"
"moaning*","1"
"scat","2"
"simple","1"
"!","204"
"creates","1"
"drained","1"
"khakis","1"
"rather","3"
"breaking","2"
"milk","1"
"stayed","1"
"fame","7"
"bentleys","1"
"nitwits","2"
"smokers","1"
"plottin","2"
"shouldnt","1"
"okay","1"
"tried","8"
"rude","1"
"kitty","1"
"wiley","1"
"kaliko","1"
"soundtrack","1"
"fa","1"
"hocus","1"
"blood","13"
"numb","5"
"coming","4"
"invasion","2"
"seventy-one","1"
"nympho","1"
"ballads","1"
"bleak","1"
"fo","10"
"a","676"
"planet","90"
"humbug","1"
"short","3"
"maniax","1"
"shady","1"
"sellin","2"
"breath…","1"
"sodomy","1"
"shore","1"
"shade","1"
"sl-ick","1"
"banks","1"
"parkin","1"
"f-a-h-q","1"
"approachin","1"
"dream","3"
"playing","4"
"chicks","2"
"mexican","2"
"help","6"
"september","1"
"technina","1"
"brotha","1"
"uh-","1"
"sweden","1"
"soon","2"
"cross","3"
"mixing","1"
"attitude","3"
"embassy","1"
"through","27"
"brim","2"
"hell","44"
"its","107"
"dont","134"
"24","2"
"messed","1"
"style","11"
"blast","6"
"20","1"
"alla","1"
"pray","6"
"con-ways","1"
"pcp","1"
"deeds","1"
"prodigy","2"
"symptoms","2"
"bahrmistfa","1"
"laces","1"
"speech","1"
"bout","23"
"cool","5"
"might","23"
"catfish","1"
"fool","10"
"duo","1"
"hurting","1"
"good","19"
"somebody","6"
"yo","76"
"eighty","1"
"ya","97"
"crellish","1"
"woulda","1"
"boistrous","1"
"thirteen","1"
"underground","3"
"everybodies","3"
"foot","2"
"hunted","3"
"hearing","2"
"chicago","1"
"bigger","7"
"sucked","1"
"oppostry","1"
"huddle","1"
"hearts","1"
"likeness","1"
"fantasy","1"
"day-ay-ey","1"
"presented","1"
"2x","24"
"sevol","1"
"payed","1"
"ashes","3"
"stopped","4"
"mastered","2"
"found","10"
"caps","1"
"pharmaceuticals","1"
"2k","4"
"heavy","1"
"status","1"
"harm","2"
"everyone","3"
"tilted","1"
"delicious","2"
"hari","1"
"exhaust","1"
"meaningless","1"
"colder","1"
"throwin","3"
"hard","24"
"reduce","1"
"homegirls","2"
"tihs","1"
"askin","1"
"2pac","2"
"expect","2"
"fist","3"
"todd","1"
"slave","1"
"beyond","2"
"really","29"
"worshipers","1"
"silky","2"
"flower","2"
"evidence","2"
"lipstick","5"
"blacks","1"
"gunnin","1"
"walked","1"
"trooper","3"
"since","10"
"projected","1"
"acting","2"
"lucifer","3"
"signings","1"
"hill","1"
"bazooka","1"
"sellings","1"
"fti","1"
"daddies","1"
"caucasian","1"
"highway","2"
"ass","37"
"drink","6"
"wisconsin","1"
"pathetic","1"
"lawrence","1"
"upon","1"
"gut","4"
"motherfucker","5"
"pub","1"
"sorcerists","1"
"you’ll","1"
"reason","1"
"irate","1"
"stems","1"
"clique","2"
"put","26"
"mothafucka","4"
"confusion…","1"
"weed","13"
"beginning","2"
"togetha","1"
"bumped","1"
"metamorphosis","1"
"stampede","2"
"terrible","1"
"american","1"
"w","1"
"inflictin","6"
"steamin","1"
"feed","2"
"major","2"
"swipe","1"
"3dq","1"
"feel","37"
"yousa","1"
"comical","1"
"knocking","1"
"number","6"
"nocturnus","1"
"feet","8"
"dust","5"
"utilized","1"
"s.e","1"
"done","14"
"blank","1"
"grins","1"
"sadities","1"
"mist","1"
"miss","5"
"downt","1"
"man..","1"
"bitchy","1"
"razor","1"
"guess","8"
"killin","7"
"heads","3"
"guest","1"
"jet","1"
"introduction","1"
"l.a","6"
"st.","2"
"grime","28"
"bumbs","1"
"iller","2"
"player","2"
"dug","1"
"seekin","1"
"spock","1"
"bzzz","1"
"expand","1"
"passed","6"
"mama","4"
"ton","2"
"hundred","5"
"huggin","1"
"store","1"
"eighty-two","1"
"shifted","1"
"selling","5"
"storm","2"
"relationship","2"
"behind","7"
"leasin","1"
"k-do","1"
"park","2"
"plane","2"
"draped","1"
"mystery","4"
"part","4"
"cartridges","1"
"autographing","1"
"lackin","1"
"translation","1"
"believe","7"
"unrealistic","1"
"lamens","1"
"king","1"
"kind","6"
"john","2"
"rappin","2"
"stl","1"
"double","4"
"*thunder*","1"
"ringa","1"
"carkas","1"
"spirited","1"
"familys","2"
"supposed","7"
"shaking","1"
"18x","1"
"toe","1"
"asmodious","1"
"afar","3"
"meens","1"
"outta","5"
"wasnt","6"
"suspicious","1"
"juice","7"
"homper","1"
"dissing","1"
"gasket","1"
"concentration","1"
"responcible","2"
"philly","1"
"fading","1"
"sell","14"
"lie","6"
"providers","1"
"built","2"
"lib","1"
"dancing","2"
"lil","4"
"self","1"
"trapped","2"
"couch","1"
"lit","7"
"also","1"
"recoop","1"
"lip","2"
"depression","1"
"obviously","1"
"finding","2"
"clan","1"
"puffing","1"
"waitin","1"
"play","8"
"nutthouze","1"
"bottle","1"
"imbarrasin","1"
"needle","1"
"mentality","1"
"steeple","1"
"swiftly","3"
"poo-poo","1"
"kan","1"
"depths","1"
"most","7"
"3x","2"
"thank","1"
"plan","3"
"kat","1"
"nothing","15"
"alpha","1"
"undees","1"
"mack","2"
"semi-auto","1"
"kc","1"
"5-7","1"
"5-6","3"
"menthalyptus","1"
"seize","1"
"windows","2"
"overstand","1"
"sometimes","1"
"nine-eight","1"
"bustin","7"
"shakin","1"
"flava","1"
"clean","5"
"ky","1"
"phats","6"
"liberate","2"
"hips","3"
"dodging","2"
"sector","3"
"despise","1"
"ugh","23"
"phenomenon","1"
"gold","4"
"gates","3"
"scattered","1"
"boozy","1"
"swine","1"
"relation","1"
"felon","2"
"seventy-two","1"
"melody","1"
"heavens","2"
"fine","4"
"find","11"
"lesabre","1"
"ravin","1"
"collectin","1"
"brackets","1"
"music","10"
"nervous","7"
"rambuctional","2"
"poppin","3"
"reels","1"
"punkish","1"
"penalty","1"
"abiding","1"
"idiots","2"
"randy","1"
"pretty","6"
"fiend","6"
"ravenous","2"
"8","2"
"circle","1"
"homocidal","2"
"tittie","2"
"epedemic","1"
"his","19"
"hit","63"
"freaks","1"
"niggara","1"
"beams","1"
"banned","1"
"muhfuckers","1"
"sunny","2"
"trees","3"
"lezbo","1"
"remedy","3"
"b","3"
"rest","4"
"closely","1"
"thugged","9"
"damnit","1"
"him","22"
"merchandise","1"
"target","2"
"enemy","10"
"catcher","4"
"keenest","1"
"frankly","1"
"yonks","1"
"cry","1"
"spitters","1"
"nipsit","5"
"investigate","1"
"seperable","1"
"tale","1"
"depressin","1"
"activity","1"
"hype","3"
"x","4"
"gospel","1"
"nibbled","1"
"wrote","2"
"wifey","2"
"insane","14"
"bars","1"
"set","3"
"art","1"
"dump","1"
"devils","5"
"throwing","2"
"double-crosser","1"
"boulders","1"
"sex","20"
"see","61"
"partnas","1"
"are","41"
"sea","2"
"matic","1"
"cleverly","1"
"close","3"
"changeable","1"
"ebay","1"
"slam","1"
"arm","1"
"chose","3"
"tat-a-tat","2"
"e-d","2"
"howze","2"
"fang","1"
"currently","1"
"please","9"
"demons","24"
"fans","1"
"won","1"
"crema","1"
"probably","4"
"burned","2"
"kneel","1"
"piss","2"
"knowing","4"
"muslim","1"
"mildew","1"
"responses","1"
"bossi","4"
"missing","1"
"rubbin","2"
"sold","2"
"complain","1"
"saggin","1"
"spray","7"
"succeed","1"
"demoniac","1"
"ike","2"
"genre","2"
"dipped","2"
"contain","1"
"fuckas","1"
"speakin","1"
"lyrical","6"
"pissed","6"
"floats","1"
"both","3"
"c","8"
"toward","1"
"last","13"
"shovin","1"
"license","1"
"desired","1"
"sacrifces","1"
"thow","1"
"breakin","1"
"remembers","1"
"blazed","1"
"alot","4"
"buzz","3"
"lash","1"
"vault","1"
"whole","32"
"load","4"
"cakes","1"
"hustlas","1"
"ponic","1"
"drunk","8"
"battery","1"
"sweet","1"
"whatever","6"
"hollow","1"
"seperatin","1"
"dances","1"
"alberquerque","1"
"village","1"
"creeds","1"
"mattress","1"
"slots","1"
"crispy","3"
"busters","2"
"akuna","1"
"platinum","4"
"ps","1"
"devil","37"
"thirty-five","1"
"dun","1"
"glocks","2"
"dub","1"
"political","1"
"due","1"
"choruses","1"
"whos","13"
"millameter","1"
"secret","1"
"damn","17"
"hoggs","1"
"ph","1"
"miserables","1"
"woke","2"
"pm","1"
"slips","1"
"alto","1"
"manueaver","1"
"bitchs","1"
"gay","3"
"boy","43"
"fire","4"
"infect","1"
"crack","10"
"gas","3"
"amphibians","1"
"dildo","1"
"silencer","2"
"krishna","1"
"understand","11"
"liver","1"
"harest","1"
"grills","2"
"rocking","6"
"q-jay","1"
"rupture","1"
"funk","2"
"sniff","1"
"sixes","2"
"hearin","1"
"look","18"
"raw","4"
"caged","1"
"straight","20"
"bill","3"
"swope","1"
"generation","2"
"pace","2"
"while","20"
"bachelors","1"
"match","1"
"behavior","1"
"kevorkian","1"
"fun","2"
"fleet","1"
"loot","1"
"mitchell","15"
"guide","1"
"escapin","1"
"theres","19"
"real","42"
"pound","3"
"costly","1"
"hoping","3"
"empathy","1"
"mystic","1"
"comparrison","1"
"gangstas","1"
"rip","6"
"demos","1"
"triple","8"
"ready","17"
"rid","2"
"fannie","1"
"chase","3"
"funny","4"
"sounding","1"
"kills","2"
"grant","2"
"beitnam","1"
"rules","1"
"grand","2"
"9","8"
"advise","1"
"conflict","1"
"pumpst","1"
"costra","1"
"used","12"
"chokin","2"
"8-1-6","1"
"keys","2"
"yaknahmsayin","1"
"camerun","1"
"blair","1"
"maxx","1"
"flows","19"
"grimmest","1"
"moving","2"
"timin","1"
"along","1"
"cosbys","1"
"stack","4"
"early","1"
"finesse","1"
"killd","1"
"mullato","1"
"spent","4"
"whorey","1"
"bruised","2"
"flippin","4"
"edge","1"
"pricks","1"
"chos","1"
"grip","7"
"yastuvo","1"
"advisary","1"
"meezle","1"
"spend","13"
"mon","1"
"i’m","1"
"doggin","1"
"soaked","1"
"knot","1"
"crush","2"
"ceo","1"
"shivering","1"
"to..","1"
"shape","1"
"hercules","1"
"questions","3"
"world","13"
"regardless","2"
"praying","1"
"wouldve","1"
"cocks","1"
"hannible","1"
"letting","2"
"cut","8"
"having","3"
"$","240"
"cup","4"
"hated","2"
"decayed","1"
"cuz","17"
"makers","1"
"barkin","1"
"deliberately","1"
"crying","1"
"homies","5"
"snap","1"
"tormented","17"
"cum","3"
"hates","1"
"...","15"
"victims","1"
"forces","1"
"big","20"
"couple","2"
"sittin","6"
"bic","1"
"lovin","5"
"tweaks","1"
"game","19"
"quest","2"
"biz","2"
"damage","1"
"bit","7"
"projects","1"
"knock","4"
"marial","1"
"d","4"
"sincerely","2"
"spine","2"
"pounds","1"
"resorted","1"
"donny","3"
"hemisphere","1"
"creamer","2"
"chorus","31"
"miami","2"
"continue","2"
"dwellin","1"
"popular","1"
"boulevard","1"
"perfect","1"
"foolish","1"
"limo","1"
"d.c","1"
"yola","1"
"fucking","6"
"obliged","1"
"fathers","1"
"1st","7"
"some","57"
"back","65"
"bounce","14"
"lips","6"
"palm","3"
"clown","2"
"sight","2"
"mirror","1"
"cd","1"
"stoppin","2"
"pale","2"
"yknow","5"
"delivered","1"
"chumps","1"
"einstein","11"
"affects","1"
"shall","7"
"bruce","1"
"sneakers","1"
"eliminate","1"
"lard","1"
"pee","1"
"worship","2"
"doin","6"
"t","1"
"amazin","1"
"be","180"
"claimed","1"
"run","18"
"rellah","3"
"rum","11"
"rub","2"
"salmon","1"
"whatcha","1"
"agreement","1"
"zombie","2"
"step","13"
"nitty","5"
"become","6"
"refuser","1"
"by","29"
"hippie","1"
"hatian","1"
"cranked","1"
"goods","2"
"snoop","1"
"wouldnt","5"
"goody","2"
"plaza","1"
"puddles","1"
"truck","1"
"mrs.","5"
"drama","4"
"pains","1"
"tachey","1"
"k-y","1"
"mentalities","1"
"massacre","1"
"germany","1"
"scatter","1"
"pluses","1"
"block","11"
"seeing","2"
"jimmy","3"
"clinton","2"
"colorado","1"
"garbage","1"
"56th","1"
"relish","4"
"baseline","1"
"into","28"
"mills","1"
"nonsense","1"
"democrat","1"
"momma","7"
"because","8"
"dynomack","1"
"angela","1"
"teck","1"
"frames","1"
"lesson","1"
"eskimo","1"
"clutch","1"
"impressed","1"
"delete","1"
"span","1"
"verbal","2"
"eleven","2"
"suburbia","1"
"ronnz","2"
"plots","2"
"question","1"
"fast","5"
"assasin","1"
"worshipped","1"
"douse","1"
"hilfiger","1"
"waistline","2"
"forward","1"
":","48"
"clap","3"
"crips","1"
"opponent","1"
"sizzle","3"
"atlantis","2"
"inches","1"
"talked","1"
"dips","1"
"heh…","1"
"pillins","1"
"won’t","1"
"boys","1"
"larry","1"
"link","1"
"hail","1"
"boyz","1"
"coldest","1"
"line","9"
"wedding","3"
"showcase","1"
"posted","1"
"finisher","1"
"metamorphasis","1"
"biggie","1"
"reload","1"
"up","189"
"smitherines","1"
"ur","5"
"clips","2"
"suckin","2"
"spliffs","1"
"uh","10"
"mature","1"
"faded","1"
"loving","2"
"groove","1"
"called","8"
"shes","5"
"bell","2"
"associated","2"
"worthwhile","1"
"f.t.i","1"
"metal","4"
"flush","1"
"admire","1"
"entrance","1"
"mothafuckin","4"
"clubbin","1"
"globally","1"
"kapone","1"
"single","1"
"futuristical","1"
"bedroom","2"
"suckas","2"
"cotton","43"
"comprende","1"
"thugs","4"
"codes","5"
"lemon","1"
"evils","1"
"nah","1"
"peace","3"
"accross","1"
"freestyle","1"
"carrera","1"
"‘em","1"
"mayonnaise","3"
"aunt","1"
"mock","2"
"nice","2"
"fights","3"
"biancs","4"
"conniseur","1"
"cheesy","1"
"tata","5"
"sauced","1"
"missin","3"
"papa","1"
"breasts","4"
"visits","1"
"prepared","1"
"bianca","7"
"drag","1"
"smiled","1"
"kinfolks","1"
"missile","4"
"sider","1"
"desert","1"
"actress","1"
"lotta","1"
"ago","2"
"hells","1"
"remix","1"
"land","5"
"e","1"
"snarlin","1"
"stressin","4"
"age","1"
"holes","2"
"biotics","1"
"annoyed","3"
"cooked","1"
"2000","1"
"hella","35"
"karma","1"
"blimisher","1"
"captivate","1"
"menace","4"
"caribou","4"
"corpse","1"
"once","3"
"mardi","1"
"gs","6"
"nittys","1"
"hurricane","1"
"results","1"
"tested","2"
"-broken","1"
"alien","2"
"penis","2"
"vageenas","1"
"hepatitis","1"
"during","1"
"go","47"
"psycho","38"
"instantaneous","1"
"chillin","1"
"issues","1"
"beefin","1"
"simon","15"
"bouncin","1"
"cannabis","2"
"peanut","1"
"hunger","1"
"young","3"
"send","3"
"suits","1"
"dooyin","1"
"oclock","2"
"hats","1"
"millennium","1"
"blaze","2"
"late","5"
"hearst","2"
"suite","1"
"lilly","1"
"fences","1"
"sent","2"
"dandy","1"
"stocked","1"
"breathing","2"
"seized","1"
"murderous","7"
"remeber","2"
"talons","1"
"rhyme","14"
"kck","1"
"wave","1"
"forgiven","1"
"dirt","1"
"putting","2"
"llama","6"
"innings","1"
"g.","1"
"infrared","1"
"illio","1"
"anotha","1"
"stiff","1"
"gettin","20"
"michael","1"
"eve","1"
"try","14"
"race","4"
"joes","1"
"car","1"
"melodies","1"
"someday","1"
"oddball","1"
"booty","3"
"s.c","1"
"picket","1"
"riddick","1"
"crow","1"
"cds","3"
"necronomicon","2"
"boots","1"
"glarin","1"
"jump","3"
"fold","3"
"today","5"
"video","1"
"payin","2"
"picked","2"
"sad","1"
"abominable","1"
"odd","5"
"click","8"
"psycho-flow-rhythmic-hymn","1"
"poke","4"
"power","4"
"rate","1"
"morse","1"
"giving","3"
"reaching","1"
"cell","2"
"waiting","3"
"experiment","1"
"cap","1"
"playa","13"
"letter","2"
";","13"
"twiny","1"
"lyricals","1"
"body","3"
"lessons","1"
"locked","1"
"led","2"
"cam","1"
"degree","3"
"sins","1"
"punck","1"
"eminem","1"
"youngest","3"
"pharmacital","1"
"les","1"
"let","63"
"slut","4"
"lyrically","1"
"tv","4"
"sing","4"
"scrapped","1"
"hellacious","1"
"extreme","4"
"vinegar","1"
"great","1"
"arrive","2"
"spite","1"
"survivor","1"
"pressure","1"
"30","4"
"shades","1"
"36","1"
"35","1"
"leaving","6"
"situations","1"
"{","2"
"wack","2"
"makes","17"
"sayin","6"
"thats","63"
"wig","1"
"ding-a-ling","1"
"named","3"
"apple","1"
"spy","1"
"win","1"
"slum","1"
"dedicated","2"
"private","1"
"name..","2"
"soft-ass","2"
"instinct","1"
"wit","66"
"bust","26"
"duck","1"
"limb","1"
"iggy","1"
"whipper","1"
"tools","2"
"wiz","1"
"cloud","1"
"lime","3"
"vanish","1"
"strapped","3"
"use","4"
"fee","2"
"from","123"
"pawn","1"
"hyeena","1"
"&","10"
"remains","2"
"illegal","3"
"ninas","2"
"kosh","1"
"budda","1"
"flat","1"
"next","16"
"overdosin","1"
"few","2"
"doubt","4"
"chu","5"
"oils","1"
"player-hated","1"
"jew","1"
"deepest","1"
"clever","3"
"two-thousand","1"
"biblical","2"
"travelin","1"
"started","15"
"becomes","2"
"amerikilla","2"
"bodily","1"
"hawiian","1"
"oblige","1"
"trav","1"
"ashamed","1"
"baby","57"
"s-t-a-t-i-s-t-i-c","1"
"women","14"
"story","1"
"balls","4"
"practicing","1"
"mythical","1"
"salad","1"
"f","1"
"this","292"
"ride","18"
"package","2"
"slit","2"
"misfits","2"
"mommas","1"
"balla","1"
"dodgin","1"
"crossed","1"
"thin","1"
"praise","3"
"island","1"
"shook","1"
"meet","2"
"bouncer","1"
"didnt","11"
"coffin","1"
"dropped","4"
"control","3"
"sinister","8"
"tap","1"
"doowylloh","1"
"twat","1"
"do","104"
"raps","2"
"otha","1"
"benz","2"
"tax","1"
"villian","5"
"high","18"
"sought","1"
"villain","3"
"vicious","1"
"scarface","1"
"streamer","2"
"slip","1"
"wowwy","1"
"wonderful","1"
"rape","1"
"counterfeit","1"
"chop","1"
"smoke-a-lot","2"
"caper","1"
"partna","1"
"noises","1"
"vibe","2"
"bungee","1"
"six","11"
"rippin","4"
"gosta","1"
"struggling","1"
"fearin","1"
"hopped","1"
"seeds","1"
"pair","1"
"forest","1"
"bark","1"
"hormones","2"
"nare","3"
"usain","1"
"furnace","1"
"panic","1"
"cuffed","1"
"punana","1"
"cristal","2"
"blocks","1"
"hookie","1"
"stop","29"
"youve","2"
"chiefs","3"
"sadistic","1"
"abuse","1"
"wrist","1"
"taco","1"
"hahahaha","1"
"ties","1"
"cabbage","1"
"da","54"
"l","1"
"skateland","1"
"somethin","4"
"scoob","1"
"that-is-me","6"
"stom","1"
"light","7"
"ordinary","1"
"sit","4"
"feels","6"
"scoop","1"
"crazed","2"
"form","1"
"clinging","3"
"ruffcut","1"
"ignite","1"
"houston","2"
"standin","1"
"bassline","3"
"pretending","1"
"producer","1"
"forella","1"
"move","5"
"distributin","1"
"pistols","1"
"comma","7"
"cruise","4"
"demon","4"
"horny","4"
"ponder","1"
"biatchresses","1"
"write","4"
"barge","1"
"la","5"
"donald","1"
"winning","1"
"dyno","1"
"permanent","1"
"degrees","2"
"choose","2"
"continued","1"
"blessing","1"
"criminal","3"
"image","2"
"attachment","1"
"oo-oo","1"
"flex","7"
"tossin","1"
"crash","4"
"lunatic","1"
"tangle","1"
"practice","2"
"dat","3"
"untouchable","1"
"rebel","1"
"cerami","1"
"snake","1"
"kiss","7"
"hands","13"
"front","13"
"slayer","1"
"seas","1"
"yugo","1"
"realize","2"
"chemists","1"
"hollands","1"
"chicklet","1"
"slippins","1"
"warned","1"
"betta","6"
"sin","4"
"slide","6"
"fuzz","2"
"rockets","1"
"trap","2"
"truth","2"
"bills","4"
"gunshot","1"
"zowwy","1"
"glasses","1"
"skate","1"
"activate","1"
"5-1-50","1"
"doing","7"
"greeny","1"
"globe","1"
"heated","10"
"tipper","1"
"related","2"
"88","1"
"89","1"
"wattup","3"
"dzzz","1"
"grave","2"
"jagged","1"
"our","25"
"86","1"
"special","2"
"out","102"
"semen","5"
"bag","2"
"house","15"
"naggin","1"
"criminally","3"
"fathom","1"
"ret","3"
"stayin","3"
"strokes","1"
"cess","1"
"mate","1"
"arkansas","1"
"rel","1"
"diggin","1"
"eighty-one","1"
"cause","86"
"red","4"
"deals","1"
"shut","2"
"approached","1"
"hopscotch","1"
"ridas","1"
"frank","1"
"godly","1"
"tempo","1"
"hyundai","1"
"70s","1"
"erupt","1"
"york","2"
"tourmented","2"
"princess","1"
"interviene","1"
"scary","1"
"backwards","7"
"her","52"
"g","15"
"spill","1"
"could","20"
"raves","1"
"modern","1"
"gwamn","3"
"keep","39"
"conversation","2"
"starin","1"
"thrillah","1"
"chills","1"
"gorillas","1"
"scare","1"
"south","4"
"strippers","5"
"prospective","1"
"hataz","2"
"seventy-six","1"
"blown","6"
"seepin","1"
"possessing","3"
"confuse","1"
"scene","3"
"sack","3"
"whooo","1"
"embarrassed","1"
"fits","1"
"bitch","97"
"drastic","2"
"rugged","1"
"blows","5"
"enjoyin","1"
"scent","1"
"facin","3"
"has","8"
"chipper","1"
"fuckery","1"
"foul-ups","1"
"festival","1"
"unknown","1"
"fuckers","2"
"grow","1"
"neiro","3"
"percussion","1"
"attack","2"
"flip-flop","1"
"jingle","1"
"messing","1"
"liquor","11"
"painful","1"
"prone","1"
"snug","1"
"re-write","1"
"malibu","6"
"shell","1"
"stomach","1"
"insanus","1"
"jesus","6"
"gotcha","1"
"nobody","19"
"degenerous","1"
"negro","2"
"verse","102"
"oaktown","1"
"muther","1"
"partnah","1"
"astounded","1"
"newlywed","1"
"remember","6"
"steel","2"
"loved","3"
"hiest","1"
"slack","1"
"busted","1"
"bother","1"
"riches","3"
"richer","2"
"bed","3"
"claim","3"
"listeners","1"
"kissin","1"
"loves","2"
"lover","1"
"bes","1"
"bet","4"
"crucify","1"
"homeboys","2"
"enforced","1"
"villains","1"
"clip","1"
"kutt","2"
"stud","1"
"comfortable","3"
"p.i","1"
"yellin","8"
"mannish","1"
"sincerity","1"
"have","39"
"need","13"
"purgatory","3"
"dementia","1"
"clearly","1"
"wickeds","1"
"blastin","2"
"bastard","4"
"afraid","1"
"buns","1"
"soak","1"
"dallas","1"
"mic","8"
"able","1"
"mid","4"
"homeboy","1"
"camouflagin","1"
"cuatro","1"
"mix","7"
"milli","9"
"speeks","2"
"jail","3"
"korean","1"
"coke","4"
"milla","4"
"toughest","1"
"masta","1"
"unless","1"
"wha","20"
"combat","1"
"knees","4"
"flipside","12"
"who","109"
"reach","1"
"creek","1"
"intentions","1"
"lust","2"
"satan","6"
"connected","1"
"mass","2"
"corpsesis","1"
"representation","1"
"azmo","1"
"expired","1"
"why","31"
"so-called","1"
"lee","3"
"manson","2"
"gather","1"
"stronger","2"
"disease","3"
"face","12"
"looked","7"
"denouncing","1"
"vernacular","1"
"indo","1"
"mississippi","1"
"}","2"
"scrap","1"
"fact","2"
"gain","9"
"follow","2"
"super","1"
"serviceses","1"
"chances","1"
"text","1"
"stove","1"
"burden","1"
"anyway","1"
"brother","5"
"bring","11"
"niet","1"
"rouge","2"
"slippin","1"
"soldiers","8"
"fear","4"
"feas","1"
"pleased","1"
"staff","1"
"o","2"
"fifty-seven","1"
"pause","1"
"based","1"
"blowin","2"
"sparks","1"
"(","520"
"should","6"
"looze","1"
"fullah","1"
"jam","5"
"tape","1"
"riding","2"
"handsome","1"
"thousands","1"
"infernal","1"
"hope","7"
"meant","6"
"doubting","1"
"ghetts","3"
"handle","2"
"listened","2"
"lamborghinis","1"
"beat","11"
"displayed","1"
"dope","8"
"unbeatable","1"
"background","1"
"stripes","1"
"bear","5"
"scrilla","2"
"ones","9"
"words","4"
"croutan","1"
"defecate","1"
"tossed","2"
"realease","1"
"years","6"
"ghetto","10"
"qs","1"
"mushroom","3"
"brain","26"
"shy","4"
"gras","1"
"rapper","6"
"whacking","1"
"calling","4"
"postin","1"
"frown","1"
"stuff","6"
"she","53"
"s.i.m.o.n","2"
"climbing","1"
"grab","2"
"watchin","1"
"futuristic","4"
"sho","4"
"spotted","1"
"guessing","1"
"j","5"
"nuttin","1"
"farthest","1"
"jiest","1"
"tossing","1"
"exerted","1"
"shake","1"
"lazy","2"
"crumble","1"
"distract","1"
"reconcile","1"
"violet","1"
"packed","1"
"innovator","1"
"heaters","1"
"blunts","6"
"tyranny","1"
"destiny","1"
"broads","1"
"kangols","1"
"posse","1"
"playas","2"
"calhoun","1"
"dundee","1"
"state","3"
"sweat","2"
"viper","1"
"closed","2"
"felony","2"
"agreements","1"
"pistol","6"
"youll","11"
"dominatrix","1"
"hippies","2"
"pants","2"
"mizzou","1"
"urgencies","1"
"ends","2"
"attention","1"
"n9ne","191"
"ability","1"
"amen","1"
"drankin","1"
"gifted","1"
"nuevo","1"
"schitzo","1"
"focus","2"
"remidy","1"
"butts","3"
"kicking","2"
"job","1"
"hypothesis","1"
"joe","1"
"key","2"
"hittem","1"
"less","2"
"damagin","1"
"ganja","1"
"ish-hop","1"
"hits","6"
"figured","1"
"buster","3"
"streama","1"
"joke","1"
"taking","3"
"antisocial","1"
"minds","2"
"powerless","1"
"hokie-pokie","1"
"chosen","1"
"admit","1"
"devour","1"
"figures","3"
"puff","1"
"swallow","2"
"highland","6"
"boilin","1"
"jersey","1"
"wear","1"
"deyja","1"
"splitters","1"
"fatality","1"
"wall","3"
"fund","1"
"makin","14"
"dilsnick","1"
"walk","19"
"distinguish","2"
"fourtay","1"
"laugh","3"
"stouts","1"
"respect","7"
"outey","1"
"softie","2"
"quit","6"
"inhale","1"
"acts","1"
"zipper","1"
"yaw","2"
"vengence","1"
"charts","1"
"breakdown","1"
"imagery","1"
"cowards","1"
"drank","1"
"stan","1"
"suburbans","1"
"ah","3"
"pirates","1"
"waste","2"
"enlarged","1"
"field","1"
"glock","7"
"nickel","1"
"powerful","1"
"foes","5"
"crisscross","1"
"route","1"
"releasing","1"
"heart..","1"
"hmm","8"
"finished","1"
"vill","3"
"deep","9"
"angles","1"
"bull","1"
"smoking","2"
"atlanta","1"
"ins","1"
"present","1"
"c4","1"
"homes","1"
"multi","1"
"x-o","1"
"wilt","1"
"repentable","1"
"homey","1"
"divorce","2"
"whiff","1"
"will","51"
"gucci","1"
"intro","14"
"jumanji","1"
"fault","2"
"wild","7"
"venomous","2"
"36d","3"
"carved","1"
"barely","3"
"reminisce","1"
"almost","1"
"site","1"
"retarded","1"
"wife","1"
"rips","2"
"vs","1"
"schoolers","1"
"midwestside","3"
"thug","2"
"partner","1"
"arabic","1"
"sits","1"
"goodfellas","1"
"qd","1"
"re-member","1"
"buisness","1"
")","521"
"pit","7"
"juan","32"
"views","3"
"upside","1"
"bishop","1"
"cope","1"
"strange","7"
"resperator","1"
"wayne","1"
"inch","1"
"party","32"
"gets","12"
"samaratin","1"
"ball","4"
"infinity","3"
"raymond","1"
"church","4"
"abyss","12"
"absorb","1"
"l.v","1"
"l.q","2"
"ts","1"
"fucker","4"
"beast","2"
"fuckem","1"
"forehead","1"
"fucked","9"
"nation","1"
"lickin","2"
"sh..","1"
"rottin","1"
"destruction","2"
"snatchers","3"
"gutter","4"
"off","71"
"proceed","1"
"yates","2"
"i","905"
"shotgun","2"
"weapon","1"
"phat","2"
"well","15"
"banging","2"
"fighting","2"
"swallowin","1"
"thought","6"
"quincy","2"
"oops","1"
"deadly","7"
"position","2"
"lecoya","3"
"warlord","1"
"rush","2"
"usual","1"
"horror","1"
"nocatomi","1"
"barking","2"
"cried","2"
"flesh","3"
"half","5"
"cries","1"
"clinic","2"
"voltage","1"
"rocked","1"
"dakota","1"
"paul","4"
"abay","1"
"rotation","1"
"unplugged","1"
"mysterious","1"
"jewels","1"
"la-bobbitt","1"
"rapid","1"
"formitable","1"
"point","1"
"sky","2"
"patricia","1"
"day","29"
"arrest","2"
"add","1"
"book","2"
"wet","9"
"destroy","1"
"ought","3"
"breezy","1"
"unprecedented","1"
"kick","9"
"sonic","1"
"livin","11"
"fate","4"
"ecstacy","2"
"taunt","1"
"cognac","1"
"ghandis","1"
"interrogation","1"
"five","11"
"know","116"
"265","1"
"press","2"
"immediately","1"
"intersection","1"
"fools","7"
"whammy","1"
"rogues","1"
"like","298"
"smashin","1"
"bulge","1"
"ring","14"
"loser","1"
"clicks","2"
"ozone","1"
"garage","4"
"hosts","1"
"vill-on","1"
"james","1"
"bane","6"
"chick","9"
"emmy","1"
"page","2"
"exaduse","1"
"italian","1"
"non-hesitant","1"
"alabama","1"
"nigga","270"
"glare","1"
"polar","1"
"scared","3"
"outie","1"
"stylin","1"
"alive","18"
"nobodies","1"
"hair","2"
"chocolate","1"
"blunders","1"
"gymnastics","1"
"addha","1"
"an-ghellic","1"
"cleveland","1"
"home","5"
"homa","6"
"bros.","1"
"disrupting","1"
"happens","2"
"highas","1"
"competitor","1"
"kitties","1"
"lead","2"
"broad","4"
"avoid","1"
"shabang","1"
"lean","1"
"peking","2"
"monch","1"
"fifty-seventh","1"
"floss","2"
"does","5"
"discretion","1"
"screwed","1"
"bosses","1"
"llamma","1"
"feecies","1"
"stuffs","1"
"?","253"
"locate","1"
"pr","1"
"ripped","5"
"noise","2"
"murderer","3"
"kool-aid","1"
"slight","2"
"placks","1"
"investin","1"
"bowling","1"
"myron","1"
"paper","7"
"lieutenant","1"
"singin","1"
"ripper","1"
"linen","1"
"drugged","6"
"a-1","1"
"choked","1"
"slug","3"
"rambunctional","1"
"stage","2"
"waving","1"
"about","49"
"beef","2"
"knowin","3"
"getting","14"
"universe","1"
"beamin","1"
"basis","1"
"headed","1"
"grey","1"
"carries","1"
"swear","2"
"dominion","1"
"comp","1"
"entered","1"
"diablo","1"
"f**kin","1"
"own","6"
"letters","3"
"cocked","1"
"glenn","1"
"owe","1"
"pussy","3"
"terry","2"
"functional","2"
"socks","1"
"cocoa","2"
"chronic","3"
"touchin","1"
"promise","3"
"treads","1"
"female","1"
"artists","1"
"luck","6"
"ei","3"
"couldnt","11"
"quickly","5"
"bombay","6"
"hmmmmm","1"
"hatas","3"
"van","1"
"rushed","1"
"beacon","1"
"friends","1"
"*","16"
"stammerin","1"
"spots","1"
"stamina","2"
"hydro","1"
"flippable","1"
"trigger","1"
"inner","1"
"biggest","1"
"function","1"
"buy","2"
"north","2"
"out..","1"
"bus","1"
"brand","1"
"bitches","50"
"booked","1"
"but","209"
"delivery","1"
"cut-throat","1"
"nobodys","1"
"ho","10"
"bum","2"
"rectum","2"
"squeeze","1"
"pompay","2"
"brick","1"
"bud","9"
"he","57"
"count","1"
"genitals","1"
"madd","1"
"made","30"
"wise","1"
"4x","13"
"places","1"
"bloodline","1"
"wish","4"
"genitaly","1"
"flip","9"
"signed","5"
"fight","9"
"record","11"
"below","3"
"books","2"
"limit","1"
"empty","2"
"pumped","2"
"bianc","6"
"mista","1"
"problem","2"
"dame","2"
"minutes","3"
"spliter","1"
"ex","4"
"instead","4"
"non-existent","1"
"beatrice","1"
"shitll","1"
"pie","5"
"pig","1"
"twist","4"
"beats","3"
"shooting","1"
"plaques","1"
"girl","21"
"planting","1"
"spell","1"
"spit","12"
"against","4"
"46","1"
"47","1"
"togather","1"
"packs","6"
"percent","1"
"40","2"
"lately","1"
"budgetel","1"
"sprayin","1"
"other","16"
"malachi","1"
"boom","7"
"sick","20"
"fizzle","2"
"behold","2"
"talkin","9"
"chemist","1"
"iiidq","2"
"gat","8"
"star","1"
"butch","1"
"innovative","1"
"shouldve","5"
"beatin","1"
"stay","10"
"chance","3"
"kinda","7"
"sherm","1"
"ambidextrous","1"
"animosity","1"
"else","6"
"veil","1"
"christians","1"
"goin","6"
"ghost","1"
"breaks","1"
"using","2"
"cinco","1"
"necrosis","1"
"lasted","1"
"rule","2"
"original","1"
"cerebral","1"
"craft","1"
"lives","1"
"awake","1"
"yell","4"
"bcs","2"
